{
   "dashboards": [{
      "autoswitchEnabled": false,
      "columnCount": 1,
      "columnProportion": "1-1",
      "creationTime": 1647450185485,
      "dashboardNavigations": {},
      "description": "",
      "disabled": false,
      "gridsterMaxColumns": 12,
      "hidden": false,
      "homeTab": false,
      "id": "bc888aec-95c3-4559-84a7-596c9a5aaad2",
      "importAttempts": 0,
      "importComplete": true,
      "lastUpdateTime": 1659548258536,
      "lastUpdateUserId": "eca838d5-ad06-4094-9f66-692e3d1c01f2",
      "locked": false,
      "name": "Shared Dashboards (GBrandon)/Troubleshooting/Network Performance for VMware Cloud on AWS",
      "namePath": "Shared Dashboards (GBrandon)/Troubleshooting",
      "rank": 0,
      "shared": true,
      "states": [],
      "temporary": false,
      "userId": "eca838d5-ad06-4094-9f66-692e3d1c01f2",
      "widgetInteractions": [
         {
            "type": "resourceId",
            "widgetIdProvider": "09122343-ee66-4b95-9831-5276bc184c43",
            "widgetIdReceiver": "321db183-9927-455e-a7f2-28ab922499aa"
         },
         {
            "type": "resourceId",
            "widgetIdProvider": "321db183-9927-455e-a7f2-28ab922499aa",
            "widgetIdReceiver": "282b551c-3134-4ae9-a63d-203ceba8b843"
         },
         {
            "type": "resourceId",
            "widgetIdProvider": "321db183-9927-455e-a7f2-28ab922499aa",
            "widgetIdReceiver": "f1678679-776b-439d-83fd-5b8fc210fa1b"
         },
         {
            "type": "resourceId",
            "widgetIdProvider": "321db183-9927-455e-a7f2-28ab922499aa",
            "widgetIdReceiver": "79a657ad-e100-40de-8cab-fee5cc723f51"
         },
         {
            "type": "resourceId",
            "widgetIdProvider": "09122343-ee66-4b95-9831-5276bc184c43",
            "widgetIdReceiver": "eb507efa-820b-4a47-a96a-7a7ae37d22ed"
         },
         {
            "type": "resourceId",
            "widgetIdProvider": "09122343-ee66-4b95-9831-5276bc184c43",
            "widgetIdReceiver": "c0cec942-d0b9-46a2-a6ea-f4a8c3321be5"
         },
         {
            "type": "resourceId",
            "widgetIdProvider": "09122343-ee66-4b95-9831-5276bc184c43",
            "widgetIdReceiver": "11a8cfe6-7fcd-4ae1-867b-e72361b949ea"
         },
         {
            "type": "resourceId",
            "widgetIdProvider": "09122343-ee66-4b95-9831-5276bc184c43",
            "widgetIdReceiver": "591c4ead-14cd-4166-82e0-e9ebe7f10256"
         },
         {
            "type": "metricId",
            "widgetIdProvider": "eb507efa-820b-4a47-a96a-7a7ae37d22ed",
            "widgetIdReceiver": "422ef57b-04f5-445a-8e64-3aef3ae2b624"
         },
         {
            "type": "metricId",
            "widgetIdProvider": "591c4ead-14cd-4166-82e0-e9ebe7f10256",
            "widgetIdReceiver": "422ef57b-04f5-445a-8e64-3aef3ae2b624"
         },
         {
            "type": "metricId",
            "widgetIdProvider": "11a8cfe6-7fcd-4ae1-867b-e72361b949ea",
            "widgetIdReceiver": "422ef57b-04f5-445a-8e64-3aef3ae2b624"
         },
         {
            "type": "metricId",
            "widgetIdProvider": "c0cec942-d0b9-46a2-a6ea-f4a8c3321be5",
            "widgetIdReceiver": "422ef57b-04f5-445a-8e64-3aef3ae2b624"
         },
         {
            "type": "resourceId",
            "widgetIdProvider": "09122343-ee66-4b95-9831-5276bc184c43",
            "widgetIdReceiver": "6d70b389-2d88-42a1-a1c0-543194e416ad"
         },
         {
            "type": "resourceId",
            "widgetIdProvider": "09122343-ee66-4b95-9831-5276bc184c43",
            "widgetIdReceiver": "70fb9f3a-34f6-4981-91bd-0851278f08f4"
         },
         {
            "type": "metricId",
            "widgetIdProvider": "70fb9f3a-34f6-4981-91bd-0851278f08f4",
            "widgetIdReceiver": "422ef57b-04f5-445a-8e64-3aef3ae2b624"
         },
         {
            "type": "metricId",
            "widgetIdProvider": "6d70b389-2d88-42a1-a1c0-543194e416ad",
            "widgetIdReceiver": "422ef57b-04f5-445a-8e64-3aef3ae2b624"
         },
         {
            "type": "resourceId",
            "widgetIdProvider": "09122343-ee66-4b95-9831-5276bc184c43",
            "widgetIdReceiver": "f14796ef-157a-4854-b8bf-93c7bb35c2a8"
         },
         {
            "type": "metricId",
            "widgetIdProvider": "f14796ef-157a-4854-b8bf-93c7bb35c2a8",
            "widgetIdReceiver": "422ef57b-04f5-445a-8e64-3aef3ae2b624"
         }
      ],
      "widgets": [
         {
            "collapsed": false,
            "config": {
               "additionalColumns": [{
                  "boxLabel": "Region",
                  "metricKey": "configuration|region",
                  "metricName": "Configuration|Region",
                  "resourceKindId": "resourceKind:id:0_::_"
               }],
               "customFilter": {
                  "excludedResources": null,
                  "filter": [],
                  "includedResources": null
               },
               "depth": 1,
               "filterMode": "tagPicker",
               "mode": "all",
               "refreshContent": {"refreshContent": false},
               "refreshInterval": 300,
               "relationshipMode": {"relationshipMode": 0},
               "resource": [],
               "selectFirstRow": {"selectFirstRow": true},
               "selfProvider": {"selfProvider": true},
               "tagFilter": {
                  "path": ["/source/kind/kind:resourceKind:id:0_::_"],
                  "value": {
                     "adapterInstance": [],
                     "adapterKind": [],
                     "bus": [],
                     "collector": [],
                     "day": [],
                     "exclaim": false,
                     "healthRange": [],
                     "kind": ["resourceKind:id:0_::_"],
                     "maintenanceSchedule": [],
                     "state": [],
                     "status": [],
                     "tag": [],
                     "tier": []
                  }
               },
               "title": "Select a VMC SDDC"
            },
            "gridsterCoords": {
               "h": 7,
               "w": 3,
               "x": 1,
               "y": 1
            },
            "height": 380,
            "id": "09122343-ee66-4b95-9831-5276bc184c43",
            "states": [
               {
                  "key": "permResGrid_widget_bc888aec-95c3-4559-84a7-596c9a5aaad2_09122343-ee66-4b95-9831-5276bc184c43",
                  "value": "o%3Acolumns%3Da%253Ao%25253Aid%25253Ds%2525253Ah1%25255Ehidden%25253Db%2525253A1%25255Ewidth%25253Dn%2525253A100%255Eo%25253Aid%25253Ds%2525253Ah2%255Eo%25253Aid%25253Ds%2525253Ah3%25255Ehidden%25253Db%2525253A1%25255Ewidth%25253Dn%2525253A100%255Eo%25253Aid%25253Ds%2525253Ah5%25255Ewidth%25253Dn%2525253A111%255Eo%25253Aid%25253Ds%2525253Ah4%25255Ehidden%25253Db%2525253A1%25255Ewidth%25253Dn%2525253A227%255Eo%25253Aid%25253Ds%2525253Ah6%25255Ehidden%25253Db%2525253A1%255Eo%25253Aid%25253Ds%2525253Ah7%25255Ehidden%25253Db%2525253A1%25255Ewidth%25253Dn%2525253A100%255Eo%25253Aid%25253Ds%2525253Ah8%25255Ehidden%25253Db%2525253A1%25255Ewidth%25253Dn%2525253A100%255Eo%25253Aid%25253Ds%2525253Ah9%25255Ehidden%25253Db%2525253A1%25255Ewidth%25253Dn%2525253A100%255Eo%25253Aid%25253Ds%2525253Ah10%25255Ehidden%25253Db%2525253A1%25255Ewidth%25253Dn%2525253A100%255Eo%25253Aid%25253Ds%2525253Ah11%25255Ehidden%25253Db%2525253A1%25255Ewidth%25253Dn%2525253A100%255Eo%25253Aid%25253Ds%2525253Ah12%25255Ehidden%25253Db%2525253A1%25255Ewidth%25253Dn%2525253A100%255Eo%25253Aid%25253Ds%2525253Ah13%25255Ehidden%25253Db%2525253A1%25255Ewidth%25253Dn%2525253A100%255Eo%25253Aid%25253Ds%2525253Ah14%25255Ehidden%25253Db%2525253A1%255Eo%25253Aid%25253Ds%2525253Ah15%25255Ehidden%25253Db%2525253A1%255Eo%25253Aid%25253Ds%2525253Ah16%25255Ehidden%25253Db%2525253A1%25255Ewidth%25253Dn%2525253A100%255Eo%25253Aid%25253Ds%2525253AresourceRating%25255Ehidden%25253Db%2525253A1%255Eo%25253Aid%25253Ds%2525253Ah18%25255Ehidden%25253Db%2525253A0%25255Ewidth%25253Dn%2525253A100%255Eo%25253Aid%25253Ds%2525253Ah19%25255Ehidden%25253Db%2525253A1%25255Ewidth%25253Dn%2525253A100%255Eo%25253Aid%25253Ds%2525253Ah20%25255Ehidden%25253Db%2525253A1%25255Ewidth%25253Dn%2525253A100%255Eo%25253Aid%25253Ds%2525253Ah21%25255Ehidden%25253Db%2525253A1%25255Ewidth%25253Dn%2525253A100%255Eo%25253Aid%25253Ds%2525253Ah22%25255Ehidden%25253Db%2525253A1%25255Ewidth%25253Dn%2525253A100%255Eo%25253Aid%25253Ds%2525253Ah23%25255Ehidden%25253Db%2525253A1%25255Ewidth%25253Dn%2525253A100%255Eo%25253Aid%25253Ds%2525253Ah24%25255Ehidden%25253Db%2525253A1%25255Ewidth%25253Dn%2525253A100%255Eo%25253Aid%25253Ds%2525253Ah25%25255Ehidden%25253Db%2525253A1%25255Ewidth%25253Dn%2525253A100%255Eo%25253Aid%25253Ds%2525253Ah26%25255Ehidden%25253Db%2525253A1%25255Ewidth%25253Dn%2525253A100%255Eo%25253Aid%25253Ds%2525253Ah27%25255Ehidden%25253Db%2525253A1%25255Ewidth%25253Dn%2525253A100%255Eo%25253Aid%25253Ds%2525253Ah28%25255Ehidden%25253Db%2525253A1%25255Ewidth%25253Dn%2525253A100%255Eo%25253Aid%25253Ds%2525253Ah29%25255Ehidden%25253Db%2525253A1%25255Ewidth%25253Dn%2525253A100%255Eo%25253Aid%25253Ds%2525253Ah30%25255Ehidden%25253Db%2525253A1%25255Ewidth%25253Dn%2525253A100%255Eo%25253Aid%25253Ds%2525253Ah31%25255Ehidden%25253Db%2525253A1%25255Ewidth%25253Dn%2525253A100%255Eo%25253Aid%25253Ds%2525253Ah32%25255Ehidden%25253Db%2525253A1%25255Ewidth%25253Dn%2525253A100%255Eo%25253Aid%25253Ds%2525253Ah33%25255Ehidden%25253Db%2525253A1%25255Ewidth%25253Dn%2525253A100%255Eo%25253Aid%25253Ds%2525253Ah34%25255Ehidden%25253Db%2525253A1%25255Ewidth%25253Dn%2525253A100%255Eo%25253Aid%25253Ds%2525253Ah35%25255Ehidden%25253Db%2525253A1%25255Ewidth%25253Dn%2525253A100%255Eo%25253Aid%25253Ds%2525253Ah36%25255Ehidden%25253Db%2525253A1%25255Ewidth%25253Dn%2525253A100%255Eo%25253Aid%25253Ds%2525253Ah37%25255Ehidden%25253Db%2525253A1%25255Ewidth%25253Dn%2525253A100%255Eo%25253Aid%25253Ds%2525253Ah38%25255Ehidden%25253Db%2525253A1%25255Ewidth%25253Dn%2525253A100%255Eo%25253Aid%25253Ds%2525253Ah39%25255Ehidden%25253Db%2525253A1%25255Ewidth%25253Dn%2525253A100%255Eo%25253Aid%25253Ds%2525253Ah40%25255Ehidden%25253Db%2525253A1%25255Ewidth%25253Dn%2525253A100%255Eo%25253Aid%25253Ds%2525253Ah41%25255Ehidden%25253Db%2525253A1%25255Ewidth%25253Dn%2525253A100%255Eo%25253Aid%25253Ds%2525253Ah42%25255Ehidden%25253Db%2525253A1%25255Ewidth%25253Dn%2525253A100%255Eo%25253Aid%25253Ds%2525253Ah43%25255Ehidden%25253Db%2525253A1%25255Ewidth%25253Dn%2525253A100%255Eo%25253Aid%25253Ds%2525253Ah44%25255Ehidden%25253Db%2525253A1%25255Ewidth%25253Dn%2525253A100%255Eo%25253Aid%25253Ds%2525253Ah45%25255Ehidden%25253Db%2525253A1%25255Ewidth%25253Dn%2525253A100%255Eo%25253Aid%25253Ds%2525253Ah46%25255Ehidden%25253Db%2525253A1%25255Ewidth%25253Dn%2525253A100%255Eo%25253Aid%25253Ds%2525253Ah47%25255Ehidden%25253Db%2525253A1%25255Ewidth%25253Dn%2525253A100"
               },
               {
                  "key": "perm_toolbarVisible_widget_bc888aec-95c3-4559-84a7-596c9a5aaad2_09122343-ee66-4b95-9831-5276bc184c43",
                  "value": "b%3A1"
               }
            ],
            "title": "Select a VMC SDDC",
            "type": "ResourceList"
         },
         {
            "collapsed": true,
            "config": {
               "additionalColumns": [],
               "customFilter": {
                  "excludedResources": null,
                  "filter": [{
                     "filterTypes": [{
                        "condition": "EQUALS",
                        "filterType": "resourceName",
                        "resourceName": "Mgmt-ResourcePool"
                     }],
                     "resourceKind": null
                  }],
                  "includedResources": null
               },
               "depth": 5,
               "filterMode": "customFilter",
               "mode": "all",
               "refreshContent": {"refreshContent": false},
               "refreshInterval": 300,
               "relationshipMode": {"relationshipMode": -1},
               "resource": [],
               "selectFirstRow": {"selectFirstRow": true},
               "selfProvider": {"selfProvider": false},
               "tagFilter": {
                  "path": ["/source/kind/kind:resourceKind:id:1_::_"],
                  "value": {
                     "adapterInstance": [],
                     "adapterKind": [],
                     "bus": [],
                     "collector": [],
                     "day": [],
                     "exclaim": false,
                     "healthRange": [],
                     "kind": ["resourceKind:id:1_::_"],
                     "maintenanceSchedule": [],
                     "state": [],
                     "status": [],
                     "tag": [],
                     "tier": []
                  }
               },
               "title": "Management Resource Pool in the Selected SDDC"
            },
            "gridsterCoords": {
               "h": 1,
               "w": 3,
               "x": 1,
               "y": 10
            },
            "height": 153,
            "id": "321db183-9927-455e-a7f2-28ab922499aa",
            "states": [{
               "key": "permResGrid_widget_bc888aec-95c3-4559-84a7-596c9a5aaad2_321db183-9927-455e-a7f2-28ab922499aa",
               "value": "o%3Acolumns%3Da%253Ao%25253Aid%25253Ds%2525253Ah1%25255Ehidden%25253Db%2525253A1%25255Ewidth%25253Dn%2525253A100%255Eo%25253Aid%25253Ds%2525253Ah2%255Eo%25253Aid%25253Ds%2525253Ah3%25255Ehidden%25253Db%2525253A1%25255Ewidth%25253Dn%2525253A100%255Eo%25253Aid%25253Ds%2525253Ah4%25255Ehidden%25253Db%2525253A1%255Eo%25253Aid%25253Ds%2525253Ah5%255Eo%25253Aid%25253Ds%2525253Ah6%25255Ehidden%25253Db%2525253A1%255Eo%25253Aid%25253Ds%2525253Ah7%25255Ehidden%25253Db%2525253A1%25255Ewidth%25253Dn%2525253A100%255Eo%25253Aid%25253Ds%2525253Ah8%25255Ehidden%25253Db%2525253A1%25255Ewidth%25253Dn%2525253A100%255Eo%25253Aid%25253Ds%2525253Ah9%25255Ehidden%25253Db%2525253A1%25255Ewidth%25253Dn%2525253A100%255Eo%25253Aid%25253Ds%2525253Ah10%25255Ehidden%25253Db%2525253A1%25255Ewidth%25253Dn%2525253A100%255Eo%25253Aid%25253Ds%2525253Ah11%25255Ehidden%25253Db%2525253A1%25255Ewidth%25253Dn%2525253A100%255Eo%25253Aid%25253Ds%2525253Ah12%25255Ehidden%25253Db%2525253A1%25255Ewidth%25253Dn%2525253A100%255Eo%25253Aid%25253Ds%2525253Ah13%25255Ehidden%25253Db%2525253A1%25255Ewidth%25253Dn%2525253A100%255Eo%25253Aid%25253Ds%2525253Ah14%25255Ehidden%25253Db%2525253A1%255Eo%25253Aid%25253Ds%2525253Ah15%25255Ehidden%25253Db%2525253A1%255Eo%25253Aid%25253Ds%2525253Ah16%25255Ehidden%25253Db%2525253A1%25255Ewidth%25253Dn%2525253A100%255Eo%25253Aid%25253Ds%2525253AresourceRating%25255Ehidden%25253Db%2525253A1%255Eo%25253Aid%25253Ds%2525253Ah18%25255Ehidden%25253Db%2525253A1%25255Ewidth%25253Dn%2525253A100%255Eo%25253Aid%25253Ds%2525253Ah19%25255Ehidden%25253Db%2525253A1%25255Ewidth%25253Dn%2525253A100%255Eo%25253Aid%25253Ds%2525253Ah20%25255Ehidden%25253Db%2525253A1%25255Ewidth%25253Dn%2525253A100%255Eo%25253Aid%25253Ds%2525253Ah21%25255Ehidden%25253Db%2525253A1%25255Ewidth%25253Dn%2525253A100%255Eo%25253Aid%25253Ds%2525253Ah22%25255Ehidden%25253Db%2525253A1%25255Ewidth%25253Dn%2525253A100%255Eo%25253Aid%25253Ds%2525253Ah23%25255Ehidden%25253Db%2525253A1%25255Ewidth%25253Dn%2525253A100%255Eo%25253Aid%25253Ds%2525253Ah24%25255Ehidden%25253Db%2525253A1%25255Ewidth%25253Dn%2525253A100%255Eo%25253Aid%25253Ds%2525253Ah25%25255Ehidden%25253Db%2525253A1%25255Ewidth%25253Dn%2525253A100%255Eo%25253Aid%25253Ds%2525253Ah26%25255Ehidden%25253Db%2525253A1%25255Ewidth%25253Dn%2525253A100%255Eo%25253Aid%25253Ds%2525253Ah27%25255Ehidden%25253Db%2525253A1%25255Ewidth%25253Dn%2525253A100%255Eo%25253Aid%25253Ds%2525253Ah28%25255Ehidden%25253Db%2525253A1%25255Ewidth%25253Dn%2525253A100%255Eo%25253Aid%25253Ds%2525253Ah29%25255Ehidden%25253Db%2525253A1%25255Ewidth%25253Dn%2525253A100%255Eo%25253Aid%25253Ds%2525253Ah30%25255Ehidden%25253Db%2525253A1%25255Ewidth%25253Dn%2525253A100%255Eo%25253Aid%25253Ds%2525253Ah31%25255Ehidden%25253Db%2525253A1%25255Ewidth%25253Dn%2525253A100%255Eo%25253Aid%25253Ds%2525253Ah32%25255Ehidden%25253Db%2525253A1%25255Ewidth%25253Dn%2525253A100%255Eo%25253Aid%25253Ds%2525253Ah33%25255Ehidden%25253Db%2525253A1%25255Ewidth%25253Dn%2525253A100%255Eo%25253Aid%25253Ds%2525253Ah34%25255Ehidden%25253Db%2525253A1%25255Ewidth%25253Dn%2525253A100%255Eo%25253Aid%25253Ds%2525253Ah35%25255Ehidden%25253Db%2525253A1%25255Ewidth%25253Dn%2525253A100%255Eo%25253Aid%25253Ds%2525253Ah36%25255Ehidden%25253Db%2525253A1%25255Ewidth%25253Dn%2525253A100%255Eo%25253Aid%25253Ds%2525253Ah37%25255Ehidden%25253Db%2525253A1%25255Ewidth%25253Dn%2525253A100%255Eo%25253Aid%25253Ds%2525253Ah38%25255Ehidden%25253Db%2525253A1%25255Ewidth%25253Dn%2525253A100%255Eo%25253Aid%25253Ds%2525253Ah39%25255Ehidden%25253Db%2525253A1%25255Ewidth%25253Dn%2525253A100%255Eo%25253Aid%25253Ds%2525253Ah40%25255Ehidden%25253Db%2525253A1%25255Ewidth%25253Dn%2525253A100%255Eo%25253Aid%25253Ds%2525253Ah41%25255Ehidden%25253Db%2525253A1%25255Ewidth%25253Dn%2525253A100%255Eo%25253Aid%25253Ds%2525253Ah42%25255Ehidden%25253Db%2525253A1%25255Ewidth%25253Dn%2525253A100%255Eo%25253Aid%25253Ds%2525253Ah43%25255Ehidden%25253Db%2525253A1%25255Ewidth%25253Dn%2525253A100%255Eo%25253Aid%25253Ds%2525253Ah44%25255Ehidden%25253Db%2525253A1%25255Ewidth%25253Dn%2525253A100%255Eo%25253Aid%25253Ds%2525253Ah45%25255Ehidden%25253Db%2525253A1%25255Ewidth%25253Dn%2525253A100%255Eo%25253Aid%25253Ds%2525253Ah46%25255Ehidden%25253Db%2525253A1%25255Ewidth%25253Dn%2525253A100%255Eo%25253Aid%25253Ds%2525253Ah47%25255Ehidden%25253Db%2525253A1%25255Ewidth%25253Dn%2525253A100"
            }],
            "title": "Management Resource Pool in the Selected SDDC",
            "type": "ResourceList"
         },
         {
            "collapsed": false,
            "config": {
               "customFilter": {
                  "excludedResources": null,
                  "filter": [
                     {
                        "filterTypes": [{
                           "condition": "CONTAINS",
                           "filterType": "resourceName",
                           "resourceName": "edge"
                        }],
                        "resourceKind": "002006VMWAREVirtualMachine"
                     },
                     {
                        "filterTypes": [{
                           "condition": "CONTAINS",
                           "filterType": "properties",
                           "metricKey": "summary|guest|hostName",
                           "metricValue": {
                              "isStringMetric": true,
                              "value": "edge"
                           }
                        }],
                        "resourceKind": "002006VMWAREVirtualMachine"
                     }
                  ],
                  "includedResources": null
               },
               "depth": 1,
               "metric": {
                  "mode": "resourceKind",
                  "resourceKindMetrics": [
                     {
                        "colorMethod": 2,
                        "handleOldColoring": false,
                        "id": "extModel32288-1",
                        "isStringMetric": false,
                        "metricKey": "net:Aggregate of all instances|packetsRxPerSec",
                        "metricName": "Network:Aggregate of all instances|Packets Received per second",
                        "metricUnitId": null,
                        "orangeBound": null,
                        "redBound": null,
                        "resourceKindId": "resourceKind:id:2_::_",
                        "resourceKindName": "Virtual Machine",
                        "unit": "",
                        "yellowBound": null
                     },
                     {
                        "colorMethod": 2,
                        "handleOldColoring": false,
                        "id": "extModel32288-2",
                        "isStringMetric": false,
                        "metricKey": "net:Aggregate of all instances|packetsTxPerSec",
                        "metricName": "Network:Aggregate of all instances|Packets Transmitted per second",
                        "metricUnitId": null,
                        "orangeBound": null,
                        "redBound": null,
                        "resourceKindId": "resourceKind:id:2_::_",
                        "resourceKindName": "Virtual Machine",
                        "unit": "",
                        "yellowBound": null
                     }
                  ],
                  "resourceMetrics": [],
                  "subMode": "resourceKindAll"
               },
               "refreshContent": {"refreshContent": true},
               "refreshInterval": 300,
               "relationshipMode": {"relationshipMode": -1},
               "resInteractionMode": null,
               "resource": [],
               "selfProvider": {"selfProvider": false},
               "title": "NSX Edge Packets per Second"
            },
            "gridsterCoords": {
               "h": 10,
               "w": 3,
               "x": 7,
               "y": 1
            },
            "height": 552,
            "id": "282b551c-3134-4ae9-a63d-203ceba8b843",
            "states": [
               {
                  "key": "permBtn_zoomAllGraphs_permMetricChart_widget_bc888aec-95c3-4559-84a7-596c9a5aaad2_282b551c-3134-4ae9-a63d-203ceba8b843",
                  "value": "b%3A0"
               },
               {
                  "key": "permDateRange1_permMetricChart_widget_bc888aec-95c3-4559-84a7-596c9a5aaad2_282b551c-3134-4ae9-a63d-203ceba8b843",
                  "value": "s%3A%7B%22dateRange%22%3A%22dashboardTime%22%2C%22dateFrom%22%3Anull%2C%22dateTo%22%3Anull%2C%22timeFrom%22%3Anull%2C%22timeTo%22%3Anull%7D"
               },
               {
                  "key": "permBtn_splitGraphs_permMetricChart_widget_bc888aec-95c3-4559-84a7-596c9a5aaad2_282b551c-3134-4ae9-a63d-203ceba8b843",
                  "value": "b%3A0"
               },
               {
                  "key": "perm_toolbarVisible_widget_bc888aec-95c3-4559-84a7-596c9a5aaad2_282b551c-3134-4ae9-a63d-203ceba8b843",
                  "value": "b%3A1"
               },
               {
                  "key": "permBtn_trendLine_permMetricChart_widget_bc888aec-95c3-4559-84a7-596c9a5aaad2_282b551c-3134-4ae9-a63d-203ceba8b843",
                  "value": "b%3A0"
               },
               {
                  "key": "permBtn_stackedGraph_permMetricChart_widget_bc888aec-95c3-4559-84a7-596c9a5aaad2_282b551c-3134-4ae9-a63d-203ceba8b843",
                  "value": "b%3A1"
               },
               {
                  "key": "permMetricChart_widget_bc888aec-95c3-4559-84a7-596c9a5aaad2_282b551c-3134-4ae9-a63d-203ceba8b843",
                  "value": "o%3A"
               },
               {
                  "key": "permBtn_realTime_permMetricChart_widget_bc888aec-95c3-4559-84a7-596c9a5aaad2_282b551c-3134-4ae9-a63d-203ceba8b843",
                  "value": "b%3A0"
               },
               {
                  "key": "permBtn_pan_permMetricChart_widget_bc888aec-95c3-4559-84a7-596c9a5aaad2_282b551c-3134-4ae9-a63d-203ceba8b843",
                  "value": "b%3A0"
               }
            ],
            "title": "NSX Edge Packets per Second",
            "type": "MetricChart"
         },
         {
            "collapsed": false,
            "config": {
               "customFilter": {
                  "excludedResources": null,
                  "filter": [
                     {
                        "filterTypes": [{
                           "condition": "CONTAINS",
                           "filterType": "resourceName",
                           "resourceName": "edge"
                        }],
                        "resourceKind": "002006VMWAREVirtualMachine"
                     },
                     {
                        "filterTypes": [{
                           "condition": "CONTAINS",
                           "filterType": "properties",
                           "metricKey": "summary|guest|hostName",
                           "metricValue": {
                              "isStringMetric": true,
                              "value": "edge"
                           }
                        }],
                        "resourceKind": "002006VMWAREVirtualMachine"
                     }
                  ],
                  "includedResources": null
               },
               "depth": 1,
               "metric": {
                  "mode": "resourceKind",
                  "resourceKindMetrics": [
                     {
                        "colorMethod": 2,
                        "handleOldColoring": false,
                        "id": "extModel36725-1",
                        "isStringMetric": false,
                        "metricKey": "net|transmitted_average",
                        "metricName": "Network|Data Transmit Rate",
                        "metricUnitId": "kbps",
                        "orangeBound": null,
                        "redBound": null,
                        "resourceKindId": "resourceKind:id:2_::_",
                        "resourceKindName": "Virtual Machine",
                        "unit": "KBps",
                        "yellowBound": null
                     },
                     {
                        "colorMethod": 2,
                        "handleOldColoring": false,
                        "id": "extModel36725-2",
                        "isStringMetric": false,
                        "metricKey": "net|received_average",
                        "metricName": "Network|Data Receive Rate",
                        "metricUnitId": "kbps",
                        "orangeBound": null,
                        "redBound": null,
                        "resourceKindId": "resourceKind:id:2_::_",
                        "resourceKindName": "Virtual Machine",
                        "unit": "KBps",
                        "yellowBound": null
                     }
                  ],
                  "resourceMetrics": [],
                  "subMode": "resourceKindAll"
               },
               "refreshContent": {"refreshContent": true},
               "refreshInterval": 300,
               "relationshipMode": {"relationshipMode": -1},
               "resInteractionMode": null,
               "resource": [],
               "selfProvider": {"selfProvider": false},
               "title": "NSX Edge Transmit and Receive Rates"
            },
            "gridsterCoords": {
               "h": 10,
               "w": 3,
               "x": 4,
               "y": 1
            },
            "height": 552,
            "id": "f1678679-776b-439d-83fd-5b8fc210fa1b",
            "states": [
               {
                  "key": "permBtn_zoomAllGraphs_permMetricChart_widget_bc888aec-95c3-4559-84a7-596c9a5aaad2_f1678679-776b-439d-83fd-5b8fc210fa1b",
                  "value": "b%3A0"
               },
               {
                  "key": "permDateRange1_permMetricChart_widget_bc888aec-95c3-4559-84a7-596c9a5aaad2_f1678679-776b-439d-83fd-5b8fc210fa1b",
                  "value": "s%3A%7B%22dateRange%22%3A%22dashboardTime%22%2C%22dateFrom%22%3Anull%2C%22dateTo%22%3Anull%2C%22timeFrom%22%3Anull%2C%22timeTo%22%3Anull%7D"
               },
               {
                  "key": "permBtn_splitGraphs_permMetricChart_widget_bc888aec-95c3-4559-84a7-596c9a5aaad2_f1678679-776b-439d-83fd-5b8fc210fa1b",
                  "value": "b%3A0"
               },
               {
                  "key": "perm_toolbarVisible_widget_bc888aec-95c3-4559-84a7-596c9a5aaad2_f1678679-776b-439d-83fd-5b8fc210fa1b",
                  "value": "b%3A1"
               },
               {
                  "key": "permMetricChart_widget_bc888aec-95c3-4559-84a7-596c9a5aaad2_f1678679-776b-439d-83fd-5b8fc210fa1b",
                  "value": "o%3A"
               },
               {
                  "key": "permBtn_pan_permMetricChart_widget_bc888aec-95c3-4559-84a7-596c9a5aaad2_f1678679-776b-439d-83fd-5b8fc210fa1b",
                  "value": "b%3A0"
               },
               {
                  "key": "permBtn_stackedGraph_permMetricChart_widget_bc888aec-95c3-4559-84a7-596c9a5aaad2_f1678679-776b-439d-83fd-5b8fc210fa1b",
                  "value": "b%3A1"
               }
            ],
            "title": "NSX Edge Transmit and Receive Rates",
            "type": "MetricChart"
         },
         {
            "collapsed": false,
            "config": {
               "customFilter": {
                  "excludedResources": null,
                  "filter": [
                     {
                        "filterTypes": [{
                           "condition": "CONTAINS",
                           "filterType": "resourceName",
                           "resourceName": "edge"
                        }],
                        "resourceKind": "002006VMWAREVirtualMachine"
                     },
                     {
                        "filterTypes": [{
                           "condition": "CONTAINS",
                           "filterType": "properties",
                           "metricKey": "summary|guest|hostName",
                           "metricValue": {
                              "isStringMetric": true,
                              "value": "edge"
                           }
                        }],
                        "resourceKind": "002006VMWAREVirtualMachine"
                     }
                  ],
                  "includedResources": null
               },
               "depth": 1,
               "metric": {
                  "mode": "resourceKind",
                  "resourceKindMetrics": [{
                     "colorMethod": 2,
                     "handleOldColoring": false,
                     "id": "extModel39181-3",
                     "isStringMetric": false,
                     "metricKey": "net|droppedTx_summation_sum",
                     "metricName": "Network|Total Transmitted Packets Dropped",
                     "orangeBound": null,
                     "redBound": null,
                     "resourceKindId": "resourceKind:id:2_::_",
                     "resourceKindName": "Virtual Machine",
                     "yellowBound": null
                  }],
                  "resourceMetrics": [],
                  "subMode": "resourceKindAll"
               },
               "refreshContent": {"refreshContent": true},
               "refreshInterval": 300,
               "relationshipMode": {"relationshipMode": -1},
               "resInteractionMode": null,
               "resource": [],
               "selfProvider": {"selfProvider": false},
               "title": "NSX Edge Dropped Packets"
            },
            "gridsterCoords": {
               "h": 10,
               "w": 3,
               "x": 10,
               "y": 1
            },
            "height": 552,
            "id": "79a657ad-e100-40de-8cab-fee5cc723f51",
            "states": [
               {
                  "key": "permBtn_zoomAllGraphs_permMetricChart_widget_bc888aec-95c3-4559-84a7-596c9a5aaad2_79a657ad-e100-40de-8cab-fee5cc723f51",
                  "value": "b%3A0"
               },
               {
                  "key": "permDateRange1_permMetricChart_widget_bc888aec-95c3-4559-84a7-596c9a5aaad2_79a657ad-e100-40de-8cab-fee5cc723f51",
                  "value": "s%3A%7B%22dateRange%22%3A%22dashboardTime%22%2C%22dateFrom%22%3Anull%2C%22dateTo%22%3Anull%2C%22timeFrom%22%3Anull%2C%22timeTo%22%3Anull%7D"
               },
               {
                  "key": "permMetricChart_widget_bc888aec-95c3-4559-84a7-596c9a5aaad2_79a657ad-e100-40de-8cab-fee5cc723f51",
                  "value": "o%3A"
               },
               {
                  "key": "perm_toolbarVisible_widget_bc888aec-95c3-4559-84a7-596c9a5aaad2_79a657ad-e100-40de-8cab-fee5cc723f51",
                  "value": "b%3A1"
               },
               {
                  "key": "permBtn_pan_permMetricChart_widget_bc888aec-95c3-4559-84a7-596c9a5aaad2_79a657ad-e100-40de-8cab-fee5cc723f51",
                  "value": "b%3A0"
               },
               {
                  "key": "permBtn_stackedGraph_permMetricChart_widget_bc888aec-95c3-4559-84a7-596c9a5aaad2_79a657ad-e100-40de-8cab-fee5cc723f51",
                  "value": "b%3A1"
               },
               {
                  "key": "permBtn_splitGraphs_permMetricChart_widget_bc888aec-95c3-4559-84a7-596c9a5aaad2_79a657ad-e100-40de-8cab-fee5cc723f51",
                  "value": "b%3A0"
               }
            ],
            "title": "NSX Edge Dropped Packets",
            "type": "MetricChart"
         },
         {
            "collapsed": false,
            "config": {
               "additionalColumns": [],
               "barsCount": 10,
               "customFilter": {
                  "excludedResources": null,
                  "filter": [],
                  "includedResources": null
               },
               "depth": 10,
               "filterMode": "tagPicker",
               "filterOldMetrics": {"filterOldMetrics": false},
               "maxValue": null,
               "metric": {
                  "metricKey": "net:Aggregate of all instances|packetsTxPerSec",
                  "name": "Network:Aggregate of all instances|Packets Transmitted per second"
               },
               "metricName": "Packets per Second Transmit",
               "metricUnit": {
                  "metricUnitId": -1,
                  "metricUnitName": "Auto"
               },
               "mode": "all",
               "percentileValue": null,
               "refreshContent": {"refreshContent": false},
               "refreshInterval": 300,
               "regenerationTime": 15,
               "relationshipMode": {"relationshipMode": -1},
               "resource": [],
               "resourceKind": [{"id": "resourceKind:id:2_::_"}],
               "roundDecimals": 1,
               "selfProvider": {"selfProvider": false},
               "tagFilter": null,
               "title": "VMs with Highest Transmit Packets per Second",
               "topOption": "metricsHighestUtilization"
            },
            "gridsterCoords": {
               "h": 9,
               "w": 2,
               "x": 1,
               "y": 20
            },
            "height": 495,
            "id": "eb507efa-820b-4a47-a96a-7a7ae37d22ed",
            "title": "VMs with Highest Transmit Packets per Second",
            "type": "ParetoAnalysis"
         },
         {
            "collapsed": false,
            "config": {
               "additionalColumns": [],
               "barsCount": 10,
               "customFilter": {
                  "excludedResources": null,
                  "filter": [],
                  "includedResources": null
               },
               "depth": 10,
               "filterMode": "tagPicker",
               "filterOldMetrics": {"filterOldMetrics": false},
               "maxValue": null,
               "metric": {
                  "metricKey": "net|transmitted_average",
                  "name": "Network|Data Transmit Rate (KBps)"
               },
               "metricName": "Transmit Rate",
               "metricUnit": {
                  "metricUnitId": -1,
                  "metricUnitName": "Auto"
               },
               "mode": "all",
               "percentileValue": null,
               "refreshContent": {"refreshContent": false},
               "refreshInterval": 300,
               "regenerationTime": 15,
               "relationshipMode": {"relationshipMode": -1},
               "resource": [],
               "resourceKind": [{"id": "resourceKind:id:2_::_"}],
               "roundDecimals": 1,
               "selfProvider": {"selfProvider": false},
               "tagFilter": null,
               "title": "VMs with Highest Transmit Rate",
               "topOption": "metricsHighestUtilization"
            },
            "gridsterCoords": {
               "h": 9,
               "w": 2,
               "x": 7,
               "y": 20
            },
            "height": 495,
            "id": "c0cec942-d0b9-46a2-a6ea-f4a8c3321be5",
            "title": "VMs with Highest Transmit Rate",
            "type": "ParetoAnalysis"
         },
         {
            "collapsed": false,
            "config": {
               "additionalColumns": [],
               "barsCount": 10,
               "customFilter": {
                  "excludedResources": null,
                  "filter": [],
                  "includedResources": null
               },
               "depth": 10,
               "filterMode": "tagPicker",
               "filterOldMetrics": {"filterOldMetrics": false},
               "maxValue": null,
               "metric": {
                  "metricKey": "net|received_average",
                  "name": "Network|Data Receive Rate (KBps)"
               },
               "metricName": "Receive Rate",
               "metricUnit": {
                  "metricUnitId": -1,
                  "metricUnitName": "Auto"
               },
               "mode": "all",
               "percentileValue": null,
               "refreshContent": {"refreshContent": false},
               "refreshInterval": 300,
               "regenerationTime": 15,
               "relationshipMode": {"relationshipMode": -1},
               "resource": [],
               "resourceKind": [{"id": "resourceKind:id:2_::_"}],
               "roundDecimals": 1,
               "selfProvider": {"selfProvider": false},
               "tagFilter": null,
               "title": "VMs with Highest Receive Rate",
               "topOption": "metricsHighestUtilization"
            },
            "gridsterCoords": {
               "h": 9,
               "w": 2,
               "x": 5,
               "y": 20
            },
            "height": 495,
            "id": "11a8cfe6-7fcd-4ae1-867b-e72361b949ea",
            "title": "VMs with Highest Receive Rate",
            "type": "ParetoAnalysis"
         },
         {
            "collapsed": false,
            "config": {
               "additionalColumns": [],
               "barsCount": 10,
               "customFilter": {
                  "excludedResources": null,
                  "filter": [],
                  "includedResources": null
               },
               "depth": 10,
               "filterMode": "tagPicker",
               "filterOldMetrics": {"filterOldMetrics": false},
               "maxValue": null,
               "metric": {
                  "metricKey": "net:Aggregate of all instances|packetsRxPerSec",
                  "name": "Network:Aggregate of all Instances|Packets Received per second"
               },
               "metricName": "Receive Packets per Second",
               "metricUnit": {
                  "metricUnitId": -1,
                  "metricUnitName": "Auto"
               },
               "mode": "all",
               "percentileValue": null,
               "refreshContent": {"refreshContent": false},
               "refreshInterval": 300,
               "regenerationTime": 15,
               "relationshipMode": {"relationshipMode": -1},
               "resource": [],
               "resourceKind": [{"id": "resourceKind:id:2_::_"}],
               "roundDecimals": 1,
               "selfProvider": {"selfProvider": false},
               "tagFilter": null,
               "title": "VMs with Highest Receive Packets per Second",
               "topOption": "metricsHighestUtilization"
            },
            "gridsterCoords": {
               "h": 9,
               "w": 2,
               "x": 3,
               "y": 20
            },
            "height": 495,
            "id": "591c4ead-14cd-4166-82e0-e9ebe7f10256",
            "title": "VMs with Highest Receive Packets per Second",
            "type": "ParetoAnalysis"
         },
         {
            "collapsed": false,
            "config": {},
            "gridsterCoords": {
               "h": 9,
               "w": 6,
               "x": 7,
               "y": 11
            },
            "height": 495,
            "id": "422ef57b-04f5-445a-8e64-3aef3ae2b624",
            "states": [
               {
                  "key": "permBtn_pan_permMetricChart_widget_bc888aec-95c3-4559-84a7-596c9a5aaad2_422ef57b-04f5-445a-8e64-3aef3ae2b624",
                  "value": "b%3A0"
               },
               {
                  "key": "permDateRange1_permMetricChart_widget_bc888aec-95c3-4559-84a7-596c9a5aaad2_422ef57b-04f5-445a-8e64-3aef3ae2b624",
                  "value": "s%3A%7B%22dateRange%22%3A%22dashboardTime%22%2C%22dateFrom%22%3Anull%2C%22dateTo%22%3Anull%2C%22timeFrom%22%3Anull%2C%22timeTo%22%3Anull%7D"
               },
               {
                  "key": "permMetricChart_widget_bc888aec-95c3-4559-84a7-596c9a5aaad2_422ef57b-04f5-445a-8e64-3aef3ae2b624",
                  "value": "o%3A"
               },
               {
                  "key": "perm_toolbarVisible_widget_bc888aec-95c3-4559-84a7-596c9a5aaad2_422ef57b-04f5-445a-8e64-3aef3ae2b624",
                  "value": "b%3A1"
               },
               {
                  "key": "permBtn_zoomAllGraphs_permMetricChart_widget_bc888aec-95c3-4559-84a7-596c9a5aaad2_422ef57b-04f5-445a-8e64-3aef3ae2b624",
                  "value": "b%3A0"
               }
            ],
            "title": "Metric Chart",
            "type": "MetricChart"
         },
         {
            "collapsed": false,
            "config": {
               "additionalColumns": [],
               "barsCount": 10,
               "customFilter": {
                  "excludedResources": null,
                  "filter": [],
                  "includedResources": null
               },
               "depth": 10,
               "filterMode": "tagPicker",
               "filterOldMetrics": {"filterOldMetrics": false},
               "maxValue": null,
               "metric": {
                  "metricKey": "net:Aggregate of all instances|droppedPct",
                  "name": "Network:Aggregate of all Instances|Packets Dropped (%)"
               },
               "metricName": "Packets Dropped",
               "metricUnit": {
                  "metricUnitId": -1,
                  "metricUnitName": "Auto"
               },
               "mode": "all",
               "percentileValue": null,
               "refreshContent": {"refreshContent": false},
               "refreshInterval": 300,
               "regenerationTime": 15,
               "relationshipMode": {"relationshipMode": -1},
               "resource": [],
               "resourceKind": [{"id": "resourceKind:id:2_::_"}],
               "roundDecimals": 1,
               "selfProvider": {"selfProvider": false},
               "tagFilter": null,
               "title": "VMs with Highest Packets Dropped (%)",
               "topOption": "metricsHighestUtilization"
            },
            "gridsterCoords": {
               "h": 9,
               "w": 2,
               "x": 11,
               "y": 20
            },
            "height": 495,
            "id": "6d70b389-2d88-42a1-a1c0-543194e416ad",
            "states": [{
               "key": "perm_toolbarVisible_widget_bc888aec-95c3-4559-84a7-596c9a5aaad2_6d70b389-2d88-42a1-a1c0-543194e416ad",
               "value": "b%3A0"
            }],
            "title": "VMs with Highest Packets Dropped (%)",
            "type": "ParetoAnalysis"
         },
         {
            "collapsed": false,
            "config": {
               "additionalColumns": [],
               "barsCount": 10,
               "customFilter": {
                  "excludedResources": null,
                  "filter": [],
                  "includedResources": null
               },
               "depth": 10,
               "filterMode": "tagPicker",
               "filterOldMetrics": {"filterOldMetrics": false},
               "maxValue": null,
               "metric": {
                  "metricKey": "net|droppedTx_summation_sum",
                  "name": "Network|Total Transmitted Packets Dropped"
               },
               "metricName": "Total Transmitted Packets Dropped",
               "metricUnit": {
                  "metricUnitId": -1,
                  "metricUnitName": "Auto"
               },
               "mode": "all",
               "percentileValue": null,
               "refreshContent": {"refreshContent": false},
               "refreshInterval": 300,
               "regenerationTime": 15,
               "relationshipMode": {"relationshipMode": -1},
               "resource": [],
               "resourceKind": [{"id": "resourceKind:id:2_::_"}],
               "roundDecimals": 1,
               "selfProvider": {"selfProvider": false},
               "tagFilter": null,
               "title": "VMs with Highest Total Transmitted Packets Dropped",
               "topOption": "metricsHighestUtilization"
            },
            "gridsterCoords": {
               "h": 9,
               "w": 2,
               "x": 9,
               "y": 20
            },
            "height": 495,
            "id": "70fb9f3a-34f6-4981-91bd-0851278f08f4",
            "title": "VMs with Highest Total Transmitted Packets Dropped",
            "type": "ParetoAnalysis"
         },
         {
            "collapsed": false,
            "config": {
               "configs": [
                  {
                     "attributeKind": {
                        "id": "net|packetsTxPerSec",
                        "value": "Network|Packets Transmitted per second"
                     },
                     "attributePaths": ["/root/allMetricsRoot/GROUP_net/net|packetsTxPerSec"],
                     "color": {"thresholds": {
                        "colors": [
                           "#00ff00",
                           "#888800",
                           "#ff0000"
                        ],
                        "values": [
                           0,
                           50,
                           100
                        ]
                     }},
                     "colorBy": {
                        "metricKey": "net:Aggregate of all instances|packetsTxPerSec",
                        "value": "Network:Aggregate of all instances|Packets Transmitted per second"
                     },
                     "focusOnGroups": true,
                     "groupBy": {
                        "adapterKind": "VmcAdapter",
                        "id": "004null002010VmcAdapterSddc",
                        "originalText": "SDDC",
                        "parentId": "VmcAdapter",
                        "parentText": "VMware Cloud on AWS",
                        "resourceKind": "Sddc",
                        "text": "SDDC",
                        "type": "resourceKind",
                        "typeId": "resourceKind:id:0_::_"
                     },
                     "id": "extModel25907-1",
                     "mode": {"mode": false},
                     "name": "Transmit Packets per Second by VM",
                     "relationalGrouping": false,
                     "resourceKind": "resourceKind:id:2_::_",
                     "sizeBy": {
                        "metricKey": "net:Aggregate of all instances|packetsTxPerSec",
                        "value": "Network:Aggregate of all instances|Packets Transmitted per second"
                     },
                     "solidColoring": false,
                     "thenBy": null
                  },
                  {
                     "attributeKind": {
                        "id": "net|packetsTxPerSec",
                        "value": "Network|Packets Transmitted per second"
                     },
                     "attributePaths": ["/root/allMetricsRoot/GROUP_net/net|packetsTxPerSec"],
                     "color": {"thresholds": {
                        "colors": [
                           "#00ff00",
                           "#888800",
                           "#ff0000"
                        ],
                        "values": [
                           0,
                           50,
                           100
                        ]
                     }},
                     "colorBy": {
                        "metricKey": "net:Aggregate of all instances|packetsRxPerSec",
                        "value": "Network:Aggregate of all instances|Packets Received per second"
                     },
                     "focusOnGroups": true,
                     "groupBy": {
                        "adapterKind": "VmcAdapter",
                        "id": "004null002010VmcAdapterSddc",
                        "originalText": "SDDC",
                        "parentId": "VmcAdapter",
                        "parentText": "VMware Cloud on AWS",
                        "resourceKind": "Sddc",
                        "text": "SDDC",
                        "type": "resourceKind",
                        "typeId": "resourceKind:id:0_::_"
                     },
                     "id": "extModel25907-2",
                     "mode": {"mode": false},
                     "name": "Receive Packets per Second by VM",
                     "relationalGrouping": false,
                     "resourceKind": "resourceKind:id:2_::_",
                     "sizeBy": {
                        "metricKey": "net:Aggregate of all instances|packetsRxPerSec",
                        "value": "Network:Aggregate of all instances|Packets Received per second"
                     },
                     "solidColoring": false,
                     "thenBy": null
                  },
                  {
                     "attributeKind": {
                        "id": "net|packetsTxPerSec",
                        "value": "Network|Packets Transmitted per second"
                     },
                     "attributePaths": ["/root/allMetricsRoot/GROUP_net/net|packetsTxPerSec"],
                     "color": {"thresholds": {
                        "colors": [
                           "#00ff00",
                           "#888800",
                           "#ff0000"
                        ],
                        "values": [
                           0,
                           50,
                           100
                        ]
                     }},
                     "colorBy": {
                        "metricKey": "net|transmitted_average",
                        "value": "Network|Data Transmit Rate (KBps)"
                     },
                     "focusOnGroups": true,
                     "groupBy": {
                        "adapterKind": "VmcAdapter",
                        "id": "004null002010VmcAdapterSddc",
                        "originalText": "SDDC",
                        "parentId": "VmcAdapter",
                        "parentText": "VMware Cloud on AWS",
                        "resourceKind": "Sddc",
                        "text": "SDDC",
                        "type": "resourceKind",
                        "typeId": "resourceKind:id:0_::_"
                     },
                     "id": "extModel25907-4",
                     "mode": {"mode": false},
                     "name": "Transmit Rate by VM",
                     "relationalGrouping": false,
                     "resourceKind": "resourceKind:id:2_::_",
                     "sizeBy": {
                        "metricKey": "net|transmitted_average",
                        "value": "Network|Data Transmit Rate (KBps)"
                     },
                     "solidColoring": false,
                     "thenBy": null
                  },
                  {
                     "attributeKind": {
                        "id": "net|packetsTxPerSec",
                        "value": "Network|Packets Transmitted per second"
                     },
                     "attributePaths": ["/root/allMetricsRoot/GROUP_net/net|packetsTxPerSec"],
                     "color": {"thresholds": {
                        "colors": [
                           "#00ff00",
                           "#888800",
                           "#ff0000"
                        ],
                        "values": [
                           0,
                           50,
                           100
                        ]
                     }},
                     "colorBy": {
                        "metricKey": "net|received_average",
                        "value": "Network|Data Receive Rate (KBps)"
                     },
                     "focusOnGroups": true,
                     "groupBy": {
                        "adapterKind": "VmcAdapter",
                        "id": "004null002010VmcAdapterSddc",
                        "originalText": "SDDC",
                        "parentId": "VmcAdapter",
                        "parentText": "VMware Cloud on AWS",
                        "resourceKind": "Sddc",
                        "text": "SDDC",
                        "type": "resourceKind",
                        "typeId": "resourceKind:id:0_::_"
                     },
                     "id": "extModel25907-3",
                     "mode": {"mode": false},
                     "name": "Receive Rate by VM",
                     "relationalGrouping": false,
                     "resourceKind": "resourceKind:id:2_::_",
                     "sizeBy": {
                        "metricKey": "net|received_average",
                        "value": "Network|Data Receive Rate (KBps)"
                     },
                     "solidColoring": false,
                     "thenBy": null
                  },
                  {
                     "attributeKind": {
                        "id": "net|packetsTxPerSec",
                        "value": "Network|Packets Transmitted per second"
                     },
                     "attributePaths": ["/root/allMetricsRoot/GROUP_net/net|packetsTxPerSec"],
                     "color": {"thresholds": {
                        "colors": [
                           "#00ff00",
                           "#888800",
                           "#ff0000"
                        ],
                        "values": [
                           0,
                           50,
                           100
                        ]
                     }},
                     "colorBy": {
                        "metricKey": "net|droppedTx_summation_sum",
                        "value": "Network|Total Transmitted Packets Dropped"
                     },
                     "focusOnGroups": true,
                     "groupBy": {
                        "adapterKind": "VmcAdapter",
                        "id": "004null002010VmcAdapterSddc",
                        "originalText": "SDDC",
                        "parentId": "VmcAdapter",
                        "parentText": "VMware Cloud on AWS",
                        "resourceKind": "Sddc",
                        "text": "SDDC",
                        "type": "resourceKind",
                        "typeId": "resourceKind:id:0_::_"
                     },
                     "id": "extModel25936-1",
                     "mode": {"mode": false},
                     "name": "Dropped Packets by VM",
                     "relationalGrouping": false,
                     "resourceKind": "resourceKind:id:2_::_",
                     "sizeBy": {
                        "metricKey": "net|droppedTx_summation_sum",
                        "value": "Network|Total Transmitted Packets Dropped"
                     },
                     "solidColoring": false,
                     "thenBy": null
                  },
                  {
                     "attributeKind": {
                        "id": "net|packetsTxPerSec",
                        "value": "Network|Packets Transmitted per second"
                     },
                     "attributePaths": ["/root/allMetricsRoot/GROUP_net/net|packetsTxPerSec"],
                     "color": {"thresholds": {
                        "colors": [
                           "#00ff00",
                           "#888800",
                           "#ff0000"
                        ],
                        "values": [
                           0,
                           50,
                           100
                        ]
                     }},
                     "colorBy": {
                        "metricKey": "net:Aggregate of all instances|droppedPct",
                        "value": "Network:Aggregate of all Instances|Packets Dropped (%)"
                     },
                     "customFilter": {
                        "excludedResources": null,
                        "filter": [],
                        "includedResources": null
                     },
                     "filterMode": "tagPicker",
                     "focusOnGroups": true,
                     "groupBy": {
                        "adapterKind": "VmcAdapter",
                        "id": "004null002010VmcAdapterSddc",
                        "originalText": "SDDC",
                        "parentId": "VmcAdapter",
                        "parentText": "VMware Cloud on AWS",
                        "resourceKind": "Sddc",
                        "text": "SDDC",
                        "type": "resourceKind",
                        "typeId": "resourceKind:id:0_::_"
                     },
                     "mode": {"mode": false},
                     "name": "Dropped Packets (%) by VM",
                     "relationalGrouping": false,
                     "resourceKind": "resourceKind:id:2_::_",
                     "sizeBy": {
                        "metricKey": "net:Aggregate of all instances|droppedPct",
                        "value": "Network:Aggregate of all Instances|Packets Dropped (%)"
                     },
                     "solidColoring": false,
                     "tagFilter": null,
                     "thenBy": null
                  }
               ],
               "depth": 10,
               "mode": "all",
               "refreshContent": {"refreshContent": true},
               "refreshInterval": 300,
               "relationshipMode": {"relationshipMode": -1},
               "resource": [],
               "selfProvider": {"selfProvider": false},
               "title": "VM Heatmaps",
               "value": -1
            },
            "gridsterCoords": {
               "h": 9,
               "w": 6,
               "x": 1,
               "y": 11
            },
            "height": 495,
            "id": "f14796ef-157a-4854-b8bf-93c7bb35c2a8",
            "states": [
               {
                  "key": "perm_HeatMap_widget_bc888aec-95c3-4559-84a7-596c9a5aaad2_f14796ef-157a-4854-b8bf-93c7bb35c2a8",
                  "value": "o%3A"
               },
               {
                  "key": "perm_toolbarVisible_widget_bc888aec-95c3-4559-84a7-596c9a5aaad2_f14796ef-157a-4854-b8bf-93c7bb35c2a8",
                  "value": "b%3A1"
               }
            ],
            "title": "VM Heatmaps",
            "type": "Heatmap"
         },
         {
            "collapsed": false,
            "config": {
               "editorData": "<div>i3:&nbsp; &nbsp; &nbsp; 800k pps<\/div><div>i3en: 1.6M pps<\/div>",
               "locationFile": "",
               "locationUrl": "",
               "refreshContent": {"refreshContent": false},
               "refreshInterval": 300,
               "title": "General PPS Thresholds",
               "viewModeHTML": true
            },
            "gridsterCoords": {
               "h": 2,
               "w": 3,
               "x": 1,
               "y": 8
            },
            "height": 96,
            "id": "98758afd-fb02-43e1-90c1-f9ff8b4524f1",
            "title": "General PPS Thresholds",
            "type": "TextDisplay"
         }
      ]
   }],
   "entries": {"resourceKind": [
      {
         "adapterKindKey": "VMWARE",
         "internalId": "resourceKind:id:2_::_",
         "resourceKindKey": "VirtualMachine"
      },
      {
         "adapterKindKey": "VMWARE",
         "internalId": "resourceKind:id:1_::_",
         "resourceKindKey": "ResourcePool"
      },
      {
         "adapterKindKey": "VmcAdapter",
         "internalId": "resourceKind:id:0_::_",
         "resourceKindKey": "Sddc"
      }
   ]},
   "uuid": "ee0f88eb-af73-43f5-8987-c0290d1189ef"
}